"id:ID(Evidence)","module","symbol","symbol_kind","line:int","quote","uri","sha256",":LABEL"
"evi:code:absolute_uri:0","DESIGN.md","1","section","5","`urisolver` resolves **absolute URIs** into usable resources.","https://github.com/phzwart/urisolver/blob/main/DESIGN.md","fe94fc42aa7e58960589a365fe8a1d817e4f835e17e484911a3018161983a657","CodeEvidence"
"evi:code:scheme_dispatch:0","DESIGN.md","4","section","120","The core validates syntax before dispatch.","https://github.com/phzwart/urisolver/blob/main/DESIGN.md","fe94fc42aa7e58960589a365fe8a1d817e4f835e17e484911a3018161983a657","CodeEvidence"
"evi:code:scheme_dispatch:1","src/urisolver/_uriparse.py","split_uri","FunctionDef","28","Split an absolute URI into scheme / scheme-specific-part / fragment.","https://github.com/phzwart/urisolver/blob/main/src/urisolver/_uriparse.py","ff46a5de3076660436b84ee90c295071e0ecededa33c874e3b538076f4f2538c","CodeEvidence"
"evi:code:fragment:0","DESIGN.md","4.3","section","195","The fragment is not scheme-specific and a scheme definition cannot redefine it (RFC 7595 §3; RFC 3986 §3.5).","https://github.com/phzwart/urisolver/blob/main/DESIGN.md","fe94fc42aa7e58960589a365fe8a1d817e4f835e17e484911a3018161983a657","CodeEvidence"
"evi:code:fragment:1","src/urisolver/context.py","_inherit_fragment","FunctionDef","171","Carry a request fragment onto a namespace target.","https://github.com/phzwart/urisolver/blob/main/src/urisolver/context.py","85aa7b141c8a32cc082f02326fb1fddcc7ee9c09d22085058c21ae97ef5e5e1e","CodeEvidence"
"evi:code:opaque_payload:0","DESIGN.md","4.1","section","148","The scheme may always appear in the clear (it is needed to diagnose `UnknownSchemeError`).","https://github.com/phzwart/urisolver/blob/main/DESIGN.md","fe94fc42aa7e58960589a365fe8a1d817e4f835e17e484911a3018161983a657","CodeEvidence"
"evi:code:opaque_payload:1","src/urisolver/redaction.py","","module","1","URI and message redaction (§4.1, §24.1).","https://github.com/phzwart/urisolver/blob/main/src/urisolver/redaction.py","ca28253f65448742f82e329525c2aa38cc526b7581f0991515e74add68457d71","CodeEvidence"
"evi:code:redaction:0","DESIGN.md","24.1","section","1118","Backend exceptions frequently carry URLs with embedded credentials.","https://github.com/phzwart/urisolver/blob/main/DESIGN.md","fe94fc42aa7e58960589a365fe8a1d817e4f835e17e484911a3018161983a657","CodeEvidence"
"evi:code:redaction:1","src/urisolver/redaction.py","","module","1","URI and message redaction (§4.1, §24.1).","https://github.com/phzwart/urisolver/blob/main/src/urisolver/redaction.py","ca28253f65448742f82e329525c2aa38cc526b7581f0991515e74add68457d71","CodeEvidence"
"evi:code:scheme_naming:0","DESIGN.md","4.2","section","153","Scheme names occupy a single global namespace.","https://github.com/phzwart/urisolver/blob/main/DESIGN.md","fe94fc42aa7e58960589a365fe8a1d817e4f835e17e484911a3018161983a657","CodeEvidence"
"evi:code:uri_equivalence:0","DESIGN.md","4.4","section","215","`urisolver` does not implement RFC 3986 §6 normalisation.","https://github.com/phzwart/urisolver/blob/main/DESIGN.md","fe94fc42aa7e58960589a365fe8a1d817e4f835e17e484911a3018161983a657","CodeEvidence"
"evi:code:uri_equivalence:1","src/urisolver/_uriparse.py","scheme_normalized","FunctionDef","59","Return *uri* with only its scheme case-normalised (RFC 3986 §6.2.2.1).","https://github.com/phzwart/urisolver/blob/main/src/urisolver/_uriparse.py","ff46a5de3076660436b84ee90c295071e0ecededa33c874e3b538076f4f2538c","CodeEvidence"
"evi:code:scheme_definition:0","DESIGN.md","4.5","section","227","RFC 7595 §3.3 and §3.4 require a scheme definition to state how the scheme is expected to function: how a URI of the scheme maps into an identifier or protocol action, what operations are...","https://github.com/phzwart/urisolver/blob/main/DESIGN.md","fe94fc42aa7e58960589a365fe8a1d817e4f835e17e484911a3018161983a657","CodeEvidence"
"evi:code:scheme_definition:1","SCHEMES.md","Registered schemes","section","17","Deployment-specific schemes follow the template below and get a page in this file before they are registered.","https://github.com/phzwart/urisolver/blob/main/SCHEMES.md","b82e422ff3229799698337b3ca853954589470143a6287e4a170733f7fc887b5","CodeEvidence"
"evi:code:public_api:0","DESIGN.md","5","section","244","The context is primary; the module-level function is sugar.","https://github.com/phzwart/urisolver/blob/main/DESIGN.md","fe94fc42aa7e58960589a365fe8a1d817e4f835e17e484911a3018161983a657","CodeEvidence"
"evi:code:public_api:1","src/urisolver/api.py","resolve","FunctionDef","27","Resolve *uri*.","https://github.com/phzwart/urisolver/blob/main/src/urisolver/api.py","e74f0e38cb2c5fe3cfb647c5ce26272197a517603bcb21b9667504e0106211ea","CodeEvidence"
"evi:code:resolve_context:0","DESIGN.md","23","section","1077","`ResolveContext` is a context manager.","https://github.com/phzwart/urisolver/blob/main/DESIGN.md","fe94fc42aa7e58960589a365fe8a1d817e4f835e17e484911a3018161983a657","CodeEvidence"
"evi:code:resolve_context:1","src/urisolver/context.py","","module","1","ResolveContext — session ownership (§5, §23).","https://github.com/phzwart/urisolver/blob/main/src/urisolver/context.py","85aa7b141c8a32cc082f02326fb1fddcc7ee9c09d22085058c21ae97ef5e5e1e","CodeEvidence"
"evi:code:resolved_resource:0","DESIGN.md","6","section","301","A `ResolvedResource` may hold an open session.","https://github.com/phzwart/urisolver/blob/main/DESIGN.md","fe94fc42aa7e58960589a365fe8a1d817e4f835e17e484911a3018161983a657","CodeEvidence"
"evi:code:resolved_resource:1","src/urisolver/protocols.py","","module","1","Protocol definitions (§6, §14, §17).","https://github.com/phzwart/urisolver/blob/main/src/urisolver/protocols.py","91448a4cac26e5dcd1f0c69b2b2825951aa5fef4cf3f204a601ac7629cd22a70","CodeEvidence"
"evi:code:resource_info:0","DESIGN.md","7","section","315","Cheap, best-effort description obtained during or shortly after resolution.","https://github.com/phzwart/urisolver/blob/main/DESIGN.md","fe94fc42aa7e58960589a365fe8a1d817e4f835e17e484911a3018161983a657","CodeEvidence"
"evi:code:resource_info:1","src/urisolver/info.py","","module","1","ResourceInfo and Kind (§7).","https://github.com/phzwart/urisolver/blob/main/src/urisolver/info.py","0e2ec6ab3ba8ca11cb1b08fd992e50f9d1eb79fee1e3d58865cf70a54177245d","CodeEvidence"
"evi:code:tier_0:0","DESIGN.md","8","section","351","Tier 0 operations are **universally present**.","https://github.com/phzwart/urisolver/blob/main/DESIGN.md","fe94fc42aa7e58960589a365fe8a1d817e4f835e17e484911a3018161983a657","CodeEvidence"
"evi:code:materialize:0","DESIGN.md","8","section","351","Tier 0 operations are **universally present**.","https://github.com/phzwart/urisolver/blob/main/DESIGN.md","fe94fc42aa7e58960589a365fe8a1d817e4f835e17e484911a3018161983a657","CodeEvidence"
"evi:code:materialize:1","src/urisolver/results.py","","module","1","MaterializedResult (§10).","https://github.com/phzwart/urisolver/blob/main/src/urisolver/results.py","1f39d37e743f966d7fb8c827503df21419f9d18f16dedd358b21ea75ce5da18c","CodeEvidence"
"evi:code:canonical_media_type:0","DESIGN.md","8.1","section","383","A byte-level representation of a structured resource requires choosing a serialization, and the core must not choose one on the resolver's behalf — that would be exactly the invented semantics §3...","https://github.com/phzwart/urisolver/blob/main/DESIGN.md","fe94fc42aa7e58960589a365fe8a1d817e4f835e17e484911a3018161983a657","CodeEvidence"
"evi:code:form:0","DESIGN.md","9","section","421","A form is *what the caller wants back*, independent of protocol.","https://github.com/phzwart/urisolver/blob/main/DESIGN.md","fe94fc42aa7e58960589a365fe8a1d817e4f835e17e484911a3018161983a657","CodeEvidence"
"evi:code:form:1","src/urisolver/destinations.py","","module","1","Destinations and forms (§9–§12).","https://github.com/phzwart/urisolver/blob/main/src/urisolver/destinations.py","d53cdcf647451cbe10e8144a3d3467fd5ae2a3f07559d41df36544fead3de451","CodeEvidence"
"evi:code:materialized_result:0","DESIGN.md","10","section","463","`__repr__` must use redacted URIs (§4.1) and must never include `value` for memory results.","https://github.com/phzwart/urisolver/blob/main/DESIGN.md","fe94fc42aa7e58960589a365fe8a1d817e4f835e17e484911a3018161983a657","CodeEvidence"
"evi:code:materialized_result:1","src/urisolver/results.py","","module","1","MaterializedResult (§10).","https://github.com/phzwart/urisolver/blob/main/src/urisolver/results.py","1f39d37e743f966d7fb8c827503df21419f9d18f16dedd358b21ea75ce5da18c","CodeEvidence"
"evi:code:materialization_strategy:0","DESIGN.md","10.1","section","481","`""read-then-select""` must also append a human-readable entry to `warnings`.","https://github.com/phzwart/urisolver/blob/main/DESIGN.md","fe94fc42aa7e58960589a365fe8a1d817e4f835e17e484911a3018161983a657","CodeEvidence"
"evi:code:strict_efficiency:0","DESIGN.md","10.1","section","481","`""read-then-select""` must also append a human-readable entry to `warnings`.","https://github.com/phzwart/urisolver/blob/main/DESIGN.md","fe94fc42aa7e58960589a365fe8a1d817e4f835e17e484911a3018161983a657","CodeEvidence"
"evi:code:file_destination:0","DESIGN.md","11","section","524","Failure cleanup removes the temporary artefact only.","https://github.com/phzwart/urisolver/blob/main/DESIGN.md","fe94fc42aa7e58960589a365fe8a1d817e4f835e17e484911a3018161983a657","CodeEvidence"
"evi:code:file_destination:1","src/urisolver/destinations.py","","module","1","Destinations and forms (§9–§12).","https://github.com/phzwart/urisolver/blob/main/src/urisolver/destinations.py","d53cdcf647451cbe10e8144a3d3467fd5ae2a3f07559d41df36544fead3de451","CodeEvidence"
"evi:code:reference_policy:0","DESIGN.md","11.2","section","524","Failure cleanup removes the temporary artefact only.","https://github.com/phzwart/urisolver/blob/main/DESIGN.md","fe94fc42aa7e58960589a365fe8a1d817e4f835e17e484911a3018161983a657","CodeEvidence"
"evi:code:memory_destination:0","DESIGN.md","12","section","561","The context supplies a default `max_bytes`; `Context(memory_limit=None)` disables it.","https://github.com/phzwart/urisolver/blob/main/DESIGN.md","fe94fc42aa7e58960589a365fe8a1d817e4f835e17e484911a3018161983a657","CodeEvidence"
"evi:code:memory_destination:1","src/urisolver/destinations.py","","module","1","Destinations and forms (§9–§12).","https://github.com/phzwart/urisolver/blob/main/src/urisolver/destinations.py","d53cdcf647451cbe10e8144a3d3467fd5ae2a3f07559d41df36544fead3de451","CodeEvidence"
"evi:code:selection:0","DESIGN.md","13","section","586","Selection is portable at Tier 0 for one narrow, already-standard case.","https://github.com/phzwart/urisolver/blob/main/DESIGN.md","fe94fc42aa7e58960589a365fe8a1d817e4f835e17e484911a3018161983a657","CodeEvidence"
"evi:code:selection:1","src/urisolver/selection.py","","module","1","Selection types (§13).","https://github.com/phzwart/urisolver/blob/main/src/urisolver/selection.py","e1ef3816d1756da8dbd0731775d5f11f0b34567922f3d09bccf892d935ff45bf","CodeEvidence"
"evi:code:native_selection:0","DESIGN.md","13","section","586","Selection is portable at Tier 0 for one narrow, already-standard case.","https://github.com/phzwart/urisolver/blob/main/DESIGN.md","fe94fc42aa7e58960589a365fe8a1d817e4f835e17e484911a3018161983a657","CodeEvidence"
"evi:code:native_selection:1","src/urisolver/selection.py","Native","ClassDef","9","Opaque pass-through wrapper declaring protocol coupling (§13).","https://github.com/phzwart/urisolver/blob/main/src/urisolver/selection.py","e1ef3816d1756da8dbd0731775d5f11f0b34567922f3d09bccf892d935ff45bf","CodeEvidence"
"evi:code:tier_1_facet:0","DESIGN.md","14","section","648","A facet is a small, optional, *declared* protocol.","https://github.com/phzwart/urisolver/blob/main/DESIGN.md","fe94fc42aa7e58960589a365fe8a1d817e4f835e17e484911a3018161983a657","CodeEvidence"
"evi:code:tier_1_facet:1","src/urisolver/protocols.py","","module","1","Protocol definitions (§6, §14, §17).","https://github.com/phzwart/urisolver/blob/main/src/urisolver/protocols.py","91448a4cac26e5dcd1f0c69b2b2825951aa5fef4cf3f204a601ac7629cd22a70","CodeEvidence"
"evi:code:stream_facet:0","DESIGN.md","14","section","648","A facet is a small, optional, *declared* protocol.","https://github.com/phzwart/urisolver/blob/main/DESIGN.md","fe94fc42aa7e58960589a365fe8a1d817e4f835e17e484911a3018161983a657","CodeEvidence"
"evi:code:stream_facet:1","src/urisolver/protocols.py","","module","1","Protocol definitions (§6, §14, §17).","https://github.com/phzwart/urisolver/blob/main/src/urisolver/protocols.py","91448a4cac26e5dcd1f0c69b2b2825951aa5fef4cf3f204a601ac7629cd22a70","CodeEvidence"
"evi:code:array_facet:0","DESIGN.md","14.2","section","678","Numpy basic indexing only.","https://github.com/phzwart/urisolver/blob/main/DESIGN.md","fe94fc42aa7e58960589a365fe8a1d817e4f835e17e484911a3018161983a657","CodeEvidence"
"evi:code:array_facet:1","src/urisolver/protocols.py","","module","1","Protocol definitions (§6, §14, §17).","https://github.com/phzwart/urisolver/blob/main/src/urisolver/protocols.py","91448a4cac26e5dcd1f0c69b2b2825951aa5fef4cf3f204a601ac7629cd22a70","CodeEvidence"
"evi:code:table_facet:0","DESIGN.md","14","section","648","A facet is a small, optional, *declared* protocol.","https://github.com/phzwart/urisolver/blob/main/DESIGN.md","fe94fc42aa7e58960589a365fe8a1d817e4f835e17e484911a3018161983a657","CodeEvidence"
"evi:code:table_facet:1","src/urisolver/protocols.py","","module","1","Protocol definitions (§6, §14, §17).","https://github.com/phzwart/urisolver/blob/main/src/urisolver/protocols.py","91448a4cac26e5dcd1f0c69b2b2825951aa5fef4cf3f204a601ac7629cd22a70","CodeEvidence"
"evi:code:container_facet:0","DESIGN.md","14.4","section","699","Container keys are validated as single path segments: empty, `.`, `..`, absolute paths, and keys containing a separator or NUL are rejected with `KeyError`.","https://github.com/phzwart/urisolver/blob/main/DESIGN.md","fe94fc42aa7e58960589a365fe8a1d817e4f835e17e484911a3018161983a657","CodeEvidence"
"evi:code:container_facet:1","src/urisolver/protocols.py","","module","1","Protocol definitions (§6, §14, §17).","https://github.com/phzwart/urisolver/blob/main/src/urisolver/protocols.py","91448a4cac26e5dcd1f0c69b2b2825951aa5fef4cf3f204a601ac7629cd22a70","CodeEvidence"
"evi:code:tier_2_native:0","DESIGN.md","15","section","712","For everything else, the resolver exposes the protocol's own operations:","https://github.com/phzwart/urisolver/blob/main/DESIGN.md","fe94fc42aa7e58960589a365fe8a1d817e4f835e17e484911a3018161983a657","CodeEvidence"
"evi:code:capability:0","DESIGN.md","15.1","section","732","`supports(name)` is authoritative.","https://github.com/phzwart/urisolver/blob/main/DESIGN.md","fe94fc42aa7e58960589a365fe8a1d817e4f835e17e484911a3018161983a657","CodeEvidence"
"evi:code:policy_filtering:0","DESIGN.md","16","section","762","In-process Python filtering cannot be enforcement: the caller shares the address space with the session object, the transport, and the credentials.","https://github.com/phzwart/urisolver/blob/main/DESIGN.md","fe94fc42aa7e58960589a365fe8a1d817e4f835e17e484911a3018161983a657","CodeEvidence"
"evi:code:resolver:0","DESIGN.md","17","section","826","The resolver owns:","https://github.com/phzwart/urisolver/blob/main/DESIGN.md","fe94fc42aa7e58960589a365fe8a1d817e4f835e17e484911a3018161983a657","CodeEvidence"
"evi:code:resolver:1","src/urisolver/protocols.py","","module","1","Protocol definitions (§6, §14, §17).","https://github.com/phzwart/urisolver/blob/main/src/urisolver/protocols.py","91448a4cac26e5dcd1f0c69b2b2825951aa5fef4cf3f204a601ac7629cd22a70","CodeEvidence"
"evi:code:registry:0","DESIGN.md","18","section","845","Two schemes may use the same protocol with entirely independent servers, credentials, routing, policy, URI syntax and configuration.","https://github.com/phzwart/urisolver/blob/main/DESIGN.md","fe94fc42aa7e58960589a365fe8a1d817e4f835e17e484911a3018161983a657","CodeEvidence"
"evi:code:registry:1","src/urisolver/registry.py","","module","1","Scheme → resolver registry (§18).","https://github.com/phzwart/urisolver/blob/main/src/urisolver/registry.py","bfbe99dc2d8c4ece225902fb0a0407ded35d9bdeda1e70bbe8a06321964565b6","CodeEvidence"
"evi:code:plugin:0","DESIGN.md","19.1","section","860","Installing a package must be sufficient to make a scheme resolvable.","https://github.com/phzwart/urisolver/blob/main/DESIGN.md","fe94fc42aa7e58960589a365fe8a1d817e4f835e17e484911a3018161983a657","CodeEvidence"
"evi:code:plugin:1","src/urisolver/plugins.py","","module","1","Entry-point plugin discovery (§19).","https://github.com/phzwart/urisolver/blob/main/src/urisolver/plugins.py","a127687fb1ab532301a336787e355a26770b3df42d1f2fd715452086029b6f96","CodeEvidence"
"evi:code:namespace_indirection:0","DESIGN.md","20","section","886","*What concrete URI does this identifier resolve to, for this caller, right now?*","https://github.com/phzwart/urisolver/blob/main/DESIGN.md","fe94fc42aa7e58960589a365fe8a1d817e4f835e17e484911a3018161983a657","CodeEvidence"
"evi:code:namespace_indirection:1","src/urisolver/namespaces/base.py","","module","1","Namespace types and cache (§20).","https://github.com/phzwart/urisolver/blob/main/src/urisolver/namespaces/base.py","18063919796b7bc5ac57b4d8ec62432d5a26a34d26e65c551a19e79d28ae3ce4","CodeEvidence"
"evi:code:namespace_service:0","DESIGN.md","21","section","972","The server infrastructure is `urisolver`'s.","https://github.com/phzwart/urisolver/blob/main/DESIGN.md","fe94fc42aa7e58960589a365fe8a1d817e4f835e17e484911a3018161983a657","CodeEvidence"
"evi:code:namespace_service:1","src/urisolver/namespaces/server.py","","module","1","Self-hosted namespace service (§21).","https://github.com/phzwart/urisolver/blob/main/src/urisolver/namespaces/server.py","c4d7d6aaa9846e07a0dbcc7335bdc8b00de8d7fcdad6cfcd6a8eeecf91d1803b","CodeEvidence"
"evi:code:namespace_service:2","src/urisolver/cli.py","","module","1","CLI: urisolver serve (§21).","https://github.com/phzwart/urisolver/blob/main/src/urisolver/cli.py","bed9db9a9c243e9b6eac88a8fdb59436823d95864fed1ee7a73a54ed882103fa","CodeEvidence"
"evi:code:bespoke_routing:0","DESIGN.md","22","section","1020","The user-supplied router may contain private and security-sensitive logic: consult private databases, contact internal APIs, decrypt opaque tokens via OpenBao Transit / AWS KMS / Google Cloud KMS...","https://github.com/phzwart/urisolver/blob/main/DESIGN.md","fe94fc42aa7e58960589a365fe8a1d817e4f835e17e484911a3018161983a657","CodeEvidence"
"evi:code:secrets_provider:0","DESIGN.md","24","section","1094","The provider knows the infrastructure.","https://github.com/phzwart/urisolver/blob/main/DESIGN.md","fe94fc42aa7e58960589a365fe8a1d817e4f835e17e484911a3018161983a657","CodeEvidence"
"evi:code:secrets_provider:1","src/urisolver/secrets/base.py","","module","1","SecretsProvider protocol (§24).","https://github.com/phzwart/urisolver/blob/main/src/urisolver/secrets/base.py","81347b97b2626d22a87f8492422c4bae56b5fbba86e497bb22a1553af6e7d7ab","CodeEvidence"
"evi:code:error_model:0","DESIGN.md","25","section","1198","`AccessError` is deliberately not under `ResolutionError`: entitlement is decided at call time, not at resolution time (§16.1), so a resource may resolve cleanly and then raise...","https://github.com/phzwart/urisolver/blob/main/DESIGN.md","fe94fc42aa7e58960589a365fe8a1d817e4f835e17e484911a3018161983a657","CodeEvidence"
"evi:code:error_model:1","src/urisolver/errors.py","URIResolverError","ClassDef","6","Base error for all urisolver failures.","https://github.com/phzwart/urisolver/blob/main/src/urisolver/errors.py","a4a4180adca61222ecc5a58ca55eea6799c0bbcc5b824ce67a582cc3c310f708","CodeEvidence"
"evi:code:async_reservation:0","DESIGN.md","26","section","1217","Resolvers **may** implement them; `supports(""aresolve"")` reports whether they do.","https://github.com/phzwart/urisolver/blob/main/DESIGN.md","fe94fc42aa7e58960589a365fe8a1d817e4f835e17e484911a3018161983a657","CodeEvidence"
"evi:code:async_reservation:1","src/urisolver/api.py","aresolve","AsyncFunctionDef","40","Reserved async resolve name (§26).","https://github.com/phzwart/urisolver/blob/main/src/urisolver/api.py","e74f0e38cb2c5fe3cfb647c5ce26272197a517603bcb21b9667504e0106211ea","CodeEvidence"
"evi:code:file_scheme:0","DESIGN.md","27.1","section","1233","Kind FILE (or CONTAINER for a directory) info() stat-derived: exists, size_bytes, media_type by extension facets stream (always), array/table only via optional codecs Tier 2 open(), stat()...","https://github.com/phzwart/urisolver/blob/main/DESIGN.md","fe94fc42aa7e58960589a365fe8a1d817e4f835e17e484911a3018161983a657","CodeEvidence"
"evi:code:file_scheme:1","src/urisolver/resolvers/file.py","","module","1","file: resolver (§27.1).","https://github.com/phzwart/urisolver/blob/main/src/urisolver/resolvers/file.py","7be16002d18426e6104079c65f87e11f22ccd19133439c31f5e327bd5ec1c8ae","CodeEvidence"
"evi:code:tiled_resolver:0","DESIGN.md","27.2","section","1243","Independently configured schemes: `gov.bnl.nsls2.tiled:`, `gov.bnl.nsls2.tiled-ssrl:`.","https://github.com/phzwart/urisolver/blob/main/DESIGN.md","fe94fc42aa7e58960589a365fe8a1d817e4f835e17e484911a3018161983a657","CodeEvidence"
"evi:code:tiled_resolver:1","src/urisolver/resolvers/tiled.py","","module","1","Tiled resolver (§27.2).","https://github.com/phzwart/urisolver/blob/main/src/urisolver/resolvers/tiled.py","4dc70ddb8f4a855e27bc3b9eeb7c7bbe77c93f05eb6b071968046dcae3a00a3c","CodeEvidence"
"evi:code:tiled_resolver:2","src/urisolver/resolvers/example_tiled.py","ExampleCatalogResolver","ClassDef","20","Tiled server named by the local resolution catalog.","https://github.com/phzwart/urisolver/blob/main/src/urisolver/resolvers/example_tiled.py","21ee0feb5adc01d21f5d407712847ee06ce92068a1c050fadd0f35f30b8ca8dc","CodeEvidence"
"evi:code:globus_resolver:0","DESIGN.md","27.3","section","1284","`GlobusResolver` (extra `[globus]`) is one path on a Transfer collection.","https://github.com/phzwart/urisolver/blob/main/DESIGN.md","fe94fc42aa7e58960589a365fe8a1d817e4f835e17e484911a3018161983a657","CodeEvidence"
"evi:code:globus_resolver:1","SCHEMES.md","com.urisolver.example.globus","section","202","`com.urisolver.example.globus` — reverse-DNS private use (RFC 7595 §3.8).","https://github.com/phzwart/urisolver/blob/main/SCHEMES.md","b82e422ff3229799698337b3ca853954589470143a6287e4a170733f7fc887b5","CodeEvidence"
"evi:code:globus_resolver:2","src/urisolver/resolvers/globus.py","","module","1","Globus Transfer resolver.","https://github.com/phzwart/urisolver/blob/main/src/urisolver/resolvers/globus.py","8e2651e3e7b63d95ea3b7863263c0907a2b0dc2b0ff90e6b562af6c67aaf1660","CodeEvidence"
"evi:code:globus_resolver:3","src/urisolver/resolvers/example_globus.py","ExampleGlobusResolver","ClassDef","28","Globus collection named by the local resolution catalog.","https://github.com/phzwart/urisolver/blob/main/src/urisolver/resolvers/example_globus.py","afbb47a62f2c9ee9704cdc12c36e7f82e370cf68c19f6ebd87a778d542b80ff3","CodeEvidence"
"evi:code:cryoet_example:0","SCHEMES.md","com.urisolver.example.cryoet","section","330","`com.urisolver.example.cryoet` — reverse-DNS private use (RFC 7595 §3.8).","https://github.com/phzwart/urisolver/blob/main/SCHEMES.md","b82e422ff3229799698337b3ca853954589470143a6287e4a170733f7fc887b5","CodeEvidence"
"evi:code:cryoet_example:1","src/urisolver/resolvers/example_cryoet.py","","module","1","Example resolver for public objects on one CryoET Data Portal origin.","https://github.com/phzwart/urisolver/blob/main/src/urisolver/resolvers/example_cryoet.py","919210b373f537b94375631523bc16d9ab56740d7a94bbf1ae97a53a7d491e54","CodeEvidence"
"evi:code:cryoet_example:2","src/urisolver/resolvers/example_cryoet.py","ExampleCryoetResolver","ClassDef","702","CryoET base URL named by the local resolution catalog.","https://github.com/phzwart/urisolver/blob/main/src/urisolver/resolvers/example_cryoet.py","919210b373f537b94375631523bc16d9ab56740d7a94bbf1ae97a53a7d491e54","CodeEvidence"
"evi:code:resolution_catalog:0","SCHEMES.md","Registered schemes","section","17","Deployment-specific schemes follow the template below and get a page in this file before they are registered.","https://github.com/phzwart/urisolver/blob/main/SCHEMES.md","b82e422ff3229799698337b3ca853954589470143a6287e4a170733f7fc887b5","CodeEvidence"
"evi:code:resolution_catalog:1","src/urisolver/resolvers/_catalog.py","","module","1","Local resolution catalog shared by the example schemes.","https://github.com/phzwart/urisolver/blob/main/src/urisolver/resolvers/_catalog.py","39833aba3fdc5631edd3357b1a5bf73d468a4a819263fa3070af350e782979ff","CodeEvidence"
"evi:code:resolution_catalog:2","src/urisolver/resolvers/_catalog.py","select_secret_id","FunctionDef","95","Pick a secret id for one resource path.","https://github.com/phzwart/urisolver/blob/main/src/urisolver/resolvers/_catalog.py","39833aba3fdc5631edd3357b1a5bf73d468a4a819263fa3070af350e782979ff","CodeEvidence"
"evi:code:conformance_baseline:0","DESIGN.md","Baseline conformance suite (the important one)","section","1413","The suite is shipped as `urisolver.testing.baseline` so third-party resolvers can import and run it.","https://github.com/phzwart/urisolver/blob/main/DESIGN.md","fe94fc42aa7e58960589a365fe8a1d817e4f835e17e484911a3018161983a657","CodeEvidence"
"evi:code:conformance_baseline:1","src/urisolver/testing/baseline.py","","module","1","Baseline conformance suite (§31) — matches installed API.","https://github.com/phzwart/urisolver/blob/main/src/urisolver/testing/baseline.py","943e6e334bf7202dd93dddc1acb239d1641610459b3f6d61d0da7808d0b28fa4","CodeEvidence"
