"id:ID(Concept)","label","kind","definition","aliases","literature",":LABEL"
"absolute_uri","Absolute URI","architecture","A URI that already has a scheme. A reference without one is rejected, and RFC 3986 relative-reference resolution is not this package's job.","absolute URI","RFC 3986","Concept"
"scheme_dispatch","Scheme dispatch","architecture","The core checks scheme grammar, compares schemes case-insensitively, and hands the original URI to the resolver registered for that scheme.","scheme dispatch","RFC 3986","Concept"
"fragment","URI fragment","contract","The fragment is split off before dispatch and is never an identifier. Resolvers must not turn it into a path, a key, or a selection.","fragment","RFC 3986","Concept"
"opaque_payload","Opaque payload","contract","When a resolver marks its payload opaque, logs, errors, reprs, and temporary paths show the scheme plus a digest, not the payload.","opaque payload","","Concept"
"redaction","Redaction","contract","Secrets, credential-bearing backend errors, and opaque URI payloads are stripped before they are logged or chained onto an exception.","redaction","","Concept"
"scheme_naming","Scheme naming","contract","A private scheme uses a reversed domain the deployer controls. A short unregistered name is not a conforming choice.","reverse-DNS scheme","RFC 7595","Concept"
"uri_equivalence","URI equivalence","contract","The core case-folds the scheme and does not otherwise normalize. Percent-encoding, dot segments, and default ports stay the resolver's problem.","normalization","RFC 3986","Concept"
"scheme_definition","Scheme definition","contract","Every scheme a deployment registers needs a page in SCHEMES.md stating syntax, operations, and security before the scheme is usable.","SCHEMES.md","RFC 7595","Concept"
"public_api","Public resolve API","architecture","Context.resolve is the real entry point. The module-level resolve function is a process-default convenience that library code should not rely on.","resolve","","Concept"
"resolve_context","Resolve context","architecture","The context owns resolver lifetime, the secrets provider, the memory limit, and session reuse. Closing it invalidates resources it produced.","Context;ResolveContext","","Concept"
"resolved_resource","Resolved resource","protocol","The object a resolver returns. It keeps the caller's URI and the concrete URI, and it is bound to the context that created it.","ResolvedResource","","Concept"
"resource_info","Resource info","contract","A cheap description filled in at resolve time: kind, existence, and optional size or shape. It must not pull the bulk bytes.","ResourceInfo;Kind","","Concept"
"tier_0","Tier 0 baseline","contract","info and materialize are present on every resource. Policy may make them fail, but it may not hide them.","Tier 0;baseline contract","","Concept"
"materialize","Materialize","contract","Delivery of a resource into a file or memory destination. Resolve itself does not download or convert; this call does.","materialize","","Concept"
"canonical_media_type","Canonical media type","contract","The resolver names the byte encoding for a structured resource. The core does not invent one.","canonical_media_type","","Concept"
"form","Form","contract","What the caller wants back from memory delivery: a backend-native object, bytes, or an optional array or table.","Form","","Concept"
"materialized_result","Materialized result","contract","The value plus enough URI and strategy metadata for an outside provenance layer to record what was staged.","MaterializedResult","","Concept"
"materialization_strategy","Materialization strategy","contract","A short token on the result that says whether the backend did the work, the bytes were sliced locally, or a reference was returned.","strategy;read-then-select","","Concept"
"strict_efficiency","Strict efficiency","contract","When the context flag is set, a delivery that would read the whole object and slice it locally is refused before the transfer starts.","strict_efficiency","","Concept"
"file_destination","File destination","contract","A caller-chosen path. Successful delivery leaves that path in place, written via a temporary name and an atomic replace.","FileDestination","","Concept"
"reference_policy","Reference policy","contract","Copy is the default. A link or in-place path is returned only when the caller asked, and failure cleanup must not delete that source.","ReferencePolicy;is_reference","","Concept"
"memory_destination","Memory destination","contract","An in-memory delivery in a chosen form, bounded by the destination or context byte limit.","MemoryDestination","","Concept"
"selection","Selection","contract","The only portable subsetting in the baseline is numpy basic indexing, plus a column list for tables. Anything else is not a core query language.","basic indexing","","Concept"
"native_selection","Native selection","contract","A wrapper that passes a backend-specific query through untouched. Using it means the caller has accepted protocol coupling.","Native","","Concept"
"tier_1_facet","Tier 1 facet","protocol","An optional declared interface borrowed from an existing library, so generic code can do more than fetch the whole object.","facet;Tier 1","","Concept"
"stream_facet","Stream facet","protocol","A binary reader for resources that can be opened as a byte stream, including range reads where the backend supports them.","stream","","Concept"
"array_facet","Array facet","protocol","Shape, dtype, and numpy basic indexing on an array resource. Fancy indexing is not part of the facet.","array","","Concept"
"table_facet","Table facet","protocol","Column names and an optional row count, with a read that can ask for a subset of columns.","table","","Concept"
"container_facet","Container facet","protocol","Named children of a container, each itself a resolved resource. Keys are single path segments, not a path traversal API.","container","","Concept"
"tier_2_native","Tier 2 native pass-through","protocol","Backend operations the wrapper does not rename or reinterpret. Callers who use them accept that the call is protocol-specific.","Tier 2;native","","Concept"
"capability","Capability","contract","supports is the one answer for what a resource can do. capabilities and attribute lookup report that same set.","supports;capabilities","","Concept"
"policy_filtering","Policy filtering","architecture","A resolver may hide backend operations. That filter is a convenience in this process, not a security boundary.","policy","","Concept"
"resolver","Resolver","protocol","The plugin that interprets one scheme: sessions, credentials, info, and materialize. The core does not parse the scheme-specific part for it.","Resolver","","Concept"
"registry","Registry","architecture","The map from scheme to resolver. Two schemes may share a protocol and still point at different servers and credentials.","register_resolver","","Concept"
"plugin","Resolver plugin","architecture","An installed distribution registers schemes through entry points. Those points are listed at import and imported on first use.","entry point","","Concept"
"namespace_indirection","Namespace indirection","architecture","A namespace URI asks which concrete URI an identifier maps to for this caller right now. That is not RFC 3986 reference resolution.","namespace resolution","RFC 7595","Concept"
"namespace_service","Namespace service","architecture","A self-hosted POST /resolve endpoint. The process is urisolver's; the routing function is the deployer's.","urisolver serve","","Concept"
"bespoke_routing","Bespoke routing","architecture","Persistent names stay small because the private routing rules live in the deployer's resolver, not in the core.","router","","Concept"
"secrets_provider","Secrets provider","protocol","A get_secret lookup by id. The core never stores the values, and the resolver asks only for the id the catalog selected.","SecretsProvider","","Concept"
"error_model","Error model","contract","Failures are typed by stage: bad URI, unknown scheme, access, namespace, materialize, selection, secrets, and plugins.","URIResolverError","","Concept"
"async_reservation","Async names","contract","aresolve and amaterialize are reserved so later async support does not fork the API. Sync callers do not need an event loop.","aresolve","","Concept"
"file_scheme","file scheme","scheme","The built-in resolver for local paths: stat for info, a stream facet, and byte contents for memory delivery.","file:","","Concept"
"tiled_resolver","Tiled resolver","scheme","An optional resolver that reads a Tiled node. The server address and the secret id come from the local resolution catalog.","tiled","RFC 7595","Concept"
"globus_resolver","Globus resolver","scheme","An optional Transfer resolver for one collection path. File delivery is a copy; memory delivery stages through the catalog's staging collection.","Globus","RFC 7595","Concept"
"cryoet_example","CryoET example","scheme","An example resolver for one public object on a CryoET Data Portal origin. The origin comes from the local resolution catalog. A .zarr path is an OME-Zarr multiscale array; an .mrc path is a file whose size comes from HEAD.","cryoet;OME-Zarr","RFC 7595","Concept"
"resolution_catalog","Resolution catalog","architecture","A local YAML file that binds a scheme to a server, a secret id, and optional path-prefix overrides. Secret values are not in the file.","catalog","","Concept"
"conformance_baseline","Conformance baseline","contract","A resolver-agnostic test suite shipped with the package. A plugin that does not pass it is not a conforming resolver.","run_baseline_suite","","Concept"
