":START_ID(Concept)",":END_ID(Concept)",":TYPE","receipt"
"absolute_uri","scheme_dispatch","RELATED_TO","ent:rel:absolute_uri:RELATED_TO:scheme_dispatch"
"absolute_uri","fragment","RELATED_TO","ent:rel:absolute_uri:RELATED_TO:fragment"
"scheme_dispatch","absolute_uri","USES","ent:rel:scheme_dispatch:USES:absolute_uri"
"scheme_dispatch","uri_equivalence","USES","ent:rel:scheme_dispatch:USES:uri_equivalence"
"scheme_dispatch","registry","USES","ent:rel:scheme_dispatch:USES:registry"
"fragment","absolute_uri","PART_OF","ent:rel:fragment:PART_OF:absolute_uri"
"fragment","selection","CONTRASTS_WITH","ent:rel:fragment:CONTRASTS_WITH:selection"
"opaque_payload","redaction","USES","ent:rel:opaque_payload:USES:redaction"
"redaction","opaque_payload","RELATED_TO","ent:rel:redaction:RELATED_TO:opaque_payload"
"redaction","secrets_provider","RELATED_TO","ent:rel:redaction:RELATED_TO:secrets_provider"
"scheme_naming","scheme_definition","PART_OF","ent:rel:scheme_naming:PART_OF:scheme_definition"
"uri_equivalence","scheme_dispatch","PART_OF","ent:rel:uri_equivalence:PART_OF:scheme_dispatch"
"scheme_definition","scheme_naming","USES","ent:rel:scheme_definition:USES:scheme_naming"
"public_api","resolve_context","USES","ent:rel:public_api:USES:resolve_context"
"resolve_context","registry","USES","ent:rel:resolve_context:USES:registry"
"resolve_context","secrets_provider","USES","ent:rel:resolve_context:USES:secrets_provider"
"resolve_context","strict_efficiency","USES","ent:rel:resolve_context:USES:strict_efficiency"
"resolved_resource","tier_0","USES","ent:rel:resolved_resource:USES:tier_0"
"resolved_resource","resource_info","USES","ent:rel:resolved_resource:USES:resource_info"
"resource_info","resolved_resource","PART_OF","ent:rel:resource_info:PART_OF:resolved_resource"
"tier_0","resolved_resource","PART_OF","ent:rel:tier_0:PART_OF:resolved_resource"
"tier_0","materialize","USES","ent:rel:tier_0:USES:materialize"
"tier_0","resource_info","USES","ent:rel:tier_0:USES:resource_info"
"materialize","file_destination","USES","ent:rel:materialize:USES:file_destination"
"materialize","memory_destination","USES","ent:rel:materialize:USES:memory_destination"
"materialize","selection","USES","ent:rel:materialize:USES:selection"
"materialize","materialized_result","USES","ent:rel:materialize:USES:materialized_result"
"canonical_media_type","tier_0","PART_OF","ent:rel:canonical_media_type:PART_OF:tier_0"
"canonical_media_type","resource_info","USES","ent:rel:canonical_media_type:USES:resource_info"
"form","memory_destination","PART_OF","ent:rel:form:PART_OF:memory_destination"
"materialized_result","form","USES","ent:rel:materialized_result:USES:form"
"materialized_result","materialization_strategy","USES","ent:rel:materialized_result:USES:materialization_strategy"
"materialization_strategy","materialized_result","PART_OF","ent:rel:materialization_strategy:PART_OF:materialized_result"
"strict_efficiency","materialization_strategy","USES","ent:rel:strict_efficiency:USES:materialization_strategy"
"strict_efficiency","resolve_context","PART_OF","ent:rel:strict_efficiency:PART_OF:resolve_context"
"file_destination","reference_policy","USES","ent:rel:file_destination:USES:reference_policy"
"reference_policy","file_destination","PART_OF","ent:rel:reference_policy:PART_OF:file_destination"
"memory_destination","file_destination","CONTRASTS_WITH","ent:rel:memory_destination:CONTRASTS_WITH:file_destination"
"memory_destination","form","USES","ent:rel:memory_destination:USES:form"
"selection","native_selection","USES","ent:rel:selection:USES:native_selection"
"selection","materialize","PART_OF","ent:rel:selection:PART_OF:materialize"
"native_selection","selection","IS_A","ent:rel:native_selection:IS_A:selection"
"native_selection","tier_0","CONTRASTS_WITH","ent:rel:native_selection:CONTRASTS_WITH:tier_0"
"tier_1_facet","resolved_resource","PART_OF","ent:rel:tier_1_facet:PART_OF:resolved_resource"
"tier_1_facet","tier_0","CONTRASTS_WITH","ent:rel:tier_1_facet:CONTRASTS_WITH:tier_0"
"stream_facet","tier_1_facet","PART_OF","ent:rel:stream_facet:PART_OF:tier_1_facet"
"array_facet","tier_1_facet","PART_OF","ent:rel:array_facet:PART_OF:tier_1_facet"
"array_facet","selection","USES","ent:rel:array_facet:USES:selection"
"table_facet","tier_1_facet","PART_OF","ent:rel:table_facet:PART_OF:tier_1_facet"
"container_facet","tier_1_facet","PART_OF","ent:rel:container_facet:PART_OF:tier_1_facet"
"tier_2_native","resolved_resource","PART_OF","ent:rel:tier_2_native:PART_OF:resolved_resource"
"tier_2_native","tier_0","CONTRASTS_WITH","ent:rel:tier_2_native:CONTRASTS_WITH:tier_0"
"capability","tier_2_native","PART_OF","ent:rel:capability:PART_OF:tier_2_native"
"policy_filtering","capability","CONTRASTS_WITH","ent:rel:policy_filtering:CONTRASTS_WITH:capability"
"policy_filtering","tier_2_native","USES","ent:rel:policy_filtering:USES:tier_2_native"
"resolver","tier_0","USES","ent:rel:resolver:USES:tier_0"
"resolver","registry","USES","ent:rel:resolver:USES:registry"
"registry","resolver","USES","ent:rel:registry:USES:resolver"
"registry","plugin","RELATED_TO","ent:rel:registry:RELATED_TO:plugin"
"plugin","registry","USES","ent:rel:plugin:USES:registry"
"namespace_indirection","resolver","USES","ent:rel:namespace_indirection:USES:resolver"
"namespace_indirection","scheme_dispatch","RELATED_TO","ent:rel:namespace_indirection:RELATED_TO:scheme_dispatch"
"namespace_service","namespace_indirection","USES","ent:rel:namespace_service:USES:namespace_indirection"
"bespoke_routing","namespace_indirection","PART_OF","ent:rel:bespoke_routing:PART_OF:namespace_indirection"
"secrets_provider","resolve_context","PART_OF","ent:rel:secrets_provider:PART_OF:resolve_context"
"error_model","policy_filtering","RELATED_TO","ent:rel:error_model:RELATED_TO:policy_filtering"
"async_reservation","public_api","RELATED_TO","ent:rel:async_reservation:RELATED_TO:public_api"
"file_scheme","resolver","INSTANCE_OF","ent:rel:file_scheme:INSTANCE_OF:resolver"
"file_scheme","file_destination","USES","ent:rel:file_scheme:USES:file_destination"
"tiled_resolver","resolver","INSTANCE_OF","ent:rel:tiled_resolver:INSTANCE_OF:resolver"
"tiled_resolver","resolution_catalog","USES","ent:rel:tiled_resolver:USES:resolution_catalog"
"tiled_resolver","secrets_provider","USES","ent:rel:tiled_resolver:USES:secrets_provider"
"globus_resolver","resolver","INSTANCE_OF","ent:rel:globus_resolver:INSTANCE_OF:resolver"
"globus_resolver","resolution_catalog","USES","ent:rel:globus_resolver:USES:resolution_catalog"
"globus_resolver","file_destination","USES","ent:rel:globus_resolver:USES:file_destination"
"cryoet_example","resolver","INSTANCE_OF","ent:rel:cryoet_example:INSTANCE_OF:resolver"
"cryoet_example","resolution_catalog","USES","ent:rel:cryoet_example:USES:resolution_catalog"
"cryoet_example","file_destination","USES","ent:rel:cryoet_example:USES:file_destination"
"cryoet_example","selection","USES","ent:rel:cryoet_example:USES:selection"
"resolution_catalog","secrets_provider","USES","ent:rel:resolution_catalog:USES:secrets_provider"
"resolution_catalog","scheme_definition","USES","ent:rel:resolution_catalog:USES:scheme_definition"
"conformance_baseline","tier_0","DEFINED_BY","ent:rel:conformance_baseline:DEFINED_BY:tier_0"
