":START_ID(Concept)",":END_ID(Reference)",":TYPE","receipt"
"absolute_uri","ref:literature:rfc3986","DEFINED_IN","evi:lit:absolute_uri:1"
"scheme_dispatch","ref:literature:rfc3986","DEFINED_IN","evi:lit:scheme_dispatch:1"
"fragment","ref:literature:rfc3986","DEFINED_IN","evi:lit:fragment:1"
"scheme_naming","ref:literature:rfc7595","DEFINED_IN","evi:lit:scheme_naming:1"
"uri_equivalence","ref:literature:rfc3986","DEFINED_IN","evi:lit:uri_equivalence:1"
"scheme_definition","ref:literature:rfc7595","DEFINED_IN","evi:lit:scheme_definition:1"
"namespace_indirection","ref:literature:rfc7595","DEFINED_IN","evi:lit:namespace_indirection:1"
"tiled_resolver","ref:literature:rfc7595","DEFINED_IN","evi:lit:tiled_resolver:1"
"globus_resolver","ref:literature:rfc7595","DEFINED_IN","evi:lit:globus_resolver:1"
"cryoet_example","ref:literature:rfc7595","DEFINED_IN","evi:lit:cryoet_example:1"
