":START_ID(Concept)",":END_ID(Evidence)",":TYPE"
"registration","evi:code:registration:0","HAS_CODE_EVIDENCE"
"registration","evi:code:registration:1","HAS_CODE_EVIDENCE"
"auto_mode","evi:code:auto_mode:0","HAS_CODE_EVIDENCE"
"auto_mode","evi:code:auto_mode:1","HAS_CODE_EVIDENCE"
"site","evi:code:site:0","HAS_CODE_EVIDENCE"
"site","evi:code:site:1","HAS_CODE_EVIDENCE"
"site_load","evi:code:site_load:0","HAS_CODE_EVIDENCE"
"server_path","evi:code:server_path:0","HAS_CODE_EVIDENCE"
"origin","evi:code:origin:0","HAS_CODE_EVIDENCE"
"origin","evi:code:origin:1","HAS_CODE_EVIDENCE"
"on_conflict","evi:code:on_conflict:0","HAS_CODE_EVIDENCE"
"on_conflict","evi:code:on_conflict:1","HAS_CODE_EVIDENCE"
"command_line","evi:code:command_line:0","HAS_CODE_EVIDENCE"
"command_line","evi:code:command_line:1","HAS_CODE_EVIDENCE"
"file_binder","evi:code:file_binder:0","HAS_CODE_EVIDENCE"
"file_binder","evi:code:file_binder:1","HAS_CODE_EVIDENCE"
"tiled_binder","evi:code:tiled_binder:0","HAS_CODE_EVIDENCE"
"tiled_binder","evi:code:tiled_binder:1","HAS_CODE_EVIDENCE"
"globus_binder","evi:code:globus_binder:0","HAS_CODE_EVIDENCE"
"globus_binder","evi:code:globus_binder:1","HAS_CODE_EVIDENCE"
"zenodo_binder","evi:code:zenodo_binder:0","HAS_CODE_EVIDENCE"
"zenodo_binder","evi:code:zenodo_binder:1","HAS_CODE_EVIDENCE"
"proxy_credentials","evi:code:proxy_credentials:0","HAS_CODE_EVIDENCE"
"proxy_credentials","evi:code:proxy_credentials:1","HAS_CODE_EVIDENCE"
"describe_local","evi:code:describe_local:0","HAS_CODE_EVIDENCE"
"opaque_payload","evi:code:opaque_payload:0","HAS_CODE_EVIDENCE"
"redaction","evi:code:redaction:0","HAS_CODE_EVIDENCE"
"light_import","evi:code:light_import:0","HAS_CODE_EVIDENCE"
"light_import","evi:code:light_import:1","HAS_CODE_EVIDENCE"
"tiled_internals","evi:code:tiled_internals:0","HAS_CODE_EVIDENCE"
"tiled_internals","evi:code:tiled_internals:1","HAS_CODE_EVIDENCE"
"absolute_uri","evi:code:absolute_uri:0","HAS_CODE_EVIDENCE"
"bind_context","evi:code:bind_context:0","HAS_CODE_EVIDENCE"
"node_create","evi:code:node_create:0","HAS_CODE_EVIDENCE"
"error_hierarchy","evi:code:error_hierarchy:0","HAS_CODE_EVIDENCE"
